epoch,loss,output_acc,output_loss,output_recon_acc,output_recon_loss,val_loss,val_output_acc,val_output_loss,val_output_recon_acc,val_output_recon_loss
0,0.810143033466,0.09618,0.809999354725,0.343872480469,0.287356655574,0.810144404316,0.0992,0.809999285984,0.344250683594,0.290238756132
1,0.810142890892,0.09988,0.809999215603,0.344424238281,0.287351004176,0.810144231319,0.1044,0.809999115276,0.344270507813,0.290233066773
